Hash,Block,Age,From,To,Value,Txn Fee
0x0d74ec581c1d1289f992ca5bab1207695b63c9e361680cf24e8b4babaac2b690,19333589,6 secs ago,0x5d29Fc6D...752c67F39,0x5c451df8771B6cD2f6296827b25390eD9b0A0d8b,0.138034775 ETH,0.00169957
0x14af92ac89800e1149c8dd44bc56cb5910a5eb5f8f47a974aa1c4d4cf9c7a03e,19333589,6 secs ago,Transak: Wallet 1,0xe89dA808241B2c0ba47338c14FD11CAb605a1E7A,0.007023075 ETH,0.00169957
0x16bab5e5ba7962843acce6e04670aa9697e7240d73daf9a1f02e424a7286fc3a,19333589,6 secs ago,0xb320986f...738e70242,0x99A867BE99f1676ca2eA009BeaC55c97296c3366,0.006 ETH,0.00184201
0x225f225132ea66622a7d6b5ab3954d77ac804e22ffecd64a1d3551ba2c053f22,19333589,6 secs ago,0xb82FF600...82e292e11,0xf091867ec603a6628ed83d274e835539d82e9cc8,0 ETH,0.00418021
0x2bedfe585dd2190347ba3b3cf7a0aed1ec71c954ff14cb87916569f555288627,19333589,6 secs ago,Scroll: Batch Committer,0xa13baf47339d63b743e7da8741db5456dac1e556,0 ETH,0.0988266
0x3691f5e869d8e932132f6569ca22de37aa32f16d73d6d91fcaee1bbc25de0fbd,19333589,6 secs ago,0xb53786E7...0fE7E549e,0x354Ea7dC24a678BED8DAfCD7aCE84fc2176164e6,0.014047835 ETH,0.00169957
0x43b16c1bd672f478cd9908fe9a81011b1eace930953d64827ad341b4ac39b5ba,19333589,6 secs ago,Manta Pacific: Proposer,0x30c789674ad3B458886BBC9abf42EEe19EA05C1D,0 ETH,0.00702893
0x59fce2edb07ec2741e2b87a4ed325c43a346659bd2775cf8dca2fa0ada14a830,19333589,6 secs ago,0xD07a1D10...3202E17D6,0x2F196aBFdbbbDF85aa2DC5ECcEAc492ba6D7740a,0.125769992 ETH,0.00169957
0x5bf14833f344bf5b3de04ff20dbc3a301b03b08ac7f1fb546bc7fd8122abfdfb,19333589,6 secs ago,0x398C5b10...62C9d5CCf,0x868230f73700AEe20c7d665968B2ED880451D2f1,0.017289764 ETH,0.00169957
0x7242802f0fcd619ba7703647d8119f7e46c8a9d4e193e54c28f17650a5f6de35,19333589,6 secs ago,mercuryo,0x4f6C073e249DB7Ca617da264237625Ff2B9DfeED,0.02895404 ETH,0.00169957
