Hash,Block,Age,From,To,Value,Txn Fee
0xb98bc03d66840be1753dba886da6eb5fe75dc4261469154fca0c91d97386600b,19333741,11 secs ago,0x4E3Df0F6Ba158DaBc00733d740F3e99C3eefAe84,0xdac17f958d2ee523a2206206994597c13d831ec7,0 ETH,0.00362668
0x1c518db1cd82bbe4fa34f93eda3838adfe4085016facfb3a2b5847961bb6e9cd,19333741,11 secs ago,0x4E3Df0F6Ba158DaBc00733d740F3e99C3eefAe84,0xa0b86991c6218b36c1d19d4a2e9eb0ce3606eb48,0 ETH,0.00489416
0x916a358bb526ba5e548382046d2da6c6534dd8a1c03618d9f5ec1c65cc6b9110,19333741,11 secs ago,0x210cc70445b214f69ee4be85a8743640e892469f,0x50d1c9771902476076ecfc8b2a83ad6b9355a4c9,0 ETH,0.00367478
0x290c4e2cb3bfdf626f652690d5d1e74c19900479a411e9cb5ad911a41282ec56,19333741,11 secs ago,0xA0014E674BA098ec1721713A0D0DdC7CDAebE09d,0xd434C86Df0947df2D6c847F55aFF772B613a51E3,0.008486879 ETH,0.00165077
0xb65b1befb3b8af7aff9362ac6f4a88641a5e14a525dc31ae7010fe16e15b617c,19333741,11 secs ago,0xe6769789EF55d983e651D68B6D744709D686590A,0xdac17f958d2ee523a2206206994597c13d831ec7,0 ETH,0.00324629
0xf21f58acaf3eabe31b84d348a867c7601245470cd744faa5d3572d5a17781304,19333741,11 secs ago,0xcCB2C713411b613e05A83F62238cd6fbB5C04594,0xfa102eE89733ec9a9d1A3F06eE5d8d897Dd4c26F,0.1 ETH,0.00165077
0x06eacc58551d61b1bf8cd7b7fcdd54228e37ac5576bf7095a12a7c1fef693276,19333741,11 secs ago,0x9b9c933A93EC720e7c070F1a1635b0c9962D1288,0x5f6ae08b8aeb7078cf2f96afb089d7c9f51da47d,0.04 ETH,0.00745656
0x7a6dcdfcd62245dca9b63a730d45d40ba567164ee04a129feac35a53c42494b5,19333741,11 secs ago,0xA3f36aaAD8e0FC2eB8260C19E606E6508956f97D,0x765eE5652281D2a17D4e43AeA97a5D47280079a7,0.05 ETH,0.00834271
0xf725009cd780ebe4ec1ce4f73a03701bcde31dffcdd735a1190010c1799e7c22,19333741,11 secs ago,0x53E642b2B4f78AF7aCaf69529ced9bf8805c3A68,0x00000000000000adc04c56bf30ac9d3c0aaf14dc,0 ETH,0.00700959
0x4aee79c61c477681258239c0636e6c3d64d810e4b1448298c022bfcd1101d716,19333741,11 secs ago,0x9ff0d37Ebdac4CF853373066BC156515060A70Cf,0x3fc91a3afd70395cd496c647d5a6cc9d4b2b7fad,0.103867646 ETH,0.00219498
